model,comparison,variant,d
most_popular,entity_eac vs traditional_entity_eac,ERR,-0.41954446834025694
most_popular,entity_eac vs traditional_entity_eac,ERR_cross_article,-0.5663450728628896
most_popular,entity_eac vs traditional_entity_eac,entity_articles,0.208491649317062
most_popular,entity_eac vs traditional_entity_eac,entity_mentions,-0.3641588865439677
most_popular,entity_eac vs traditional_entity_eac,entities_per_article,-0.27728901714011406
most_popular,entity_eac vs traditional_entity_eac,TCI,-0.12176012332838876
most_popular,entity_eac vs traditional_entity_eac,TCI_article_mass,-0.1182821554672698
most_popular,topic_eac vs traditional_topic_eac,ERR,-0.007424266415557865
most_popular,topic_eac vs traditional_topic_eac,ERR_cross_article,-0.046202253270735225
most_popular,topic_eac vs traditional_topic_eac,entity_articles,-0.059594405276073854
most_popular,topic_eac vs traditional_topic_eac,entity_mentions,-0.030626978142353788
most_popular,topic_eac vs traditional_topic_eac,entities_per_article,-0.026504902552614226
most_popular,topic_eac vs traditional_topic_eac,TCI,-0.390146766820547
most_popular,topic_eac vs traditional_topic_eac,TCI_article_mass,-0.2619575348070516
most_popular,mv_eac vs traditional_mv_eac,ERR,-0.07344541015120633
most_popular,mv_eac vs traditional_mv_eac,ERR_cross_article,-0.22457003180104948
most_popular,mv_eac vs traditional_mv_eac,entity_articles,0.31837657604386743
most_popular,mv_eac vs traditional_mv_eac,entity_mentions,-0.04965816352114733
most_popular,mv_eac vs traditional_mv_eac,entities_per_article,-0.0243768800204556
most_popular,mv_eac vs traditional_mv_eac,TCI,-0.22413066240772628
most_popular,mv_eac vs traditional_mv_eac,TCI_article_mass,-0.1728625869589544
most_popular,mv_eac vs topic_eac,ERR,0.04793972915535224
most_popular,mv_eac vs topic_eac,ERR_cross_article,-0.08406362892276617
most_popular,mv_eac vs topic_eac,entity_articles,0.37069091876027427
most_popular,mv_eac vs topic_eac,entity_mentions,0.30923233495195207
most_popular,mv_eac vs topic_eac,entities_per_article,0.3114921969942478
most_popular,mv_eac vs topic_eac,TCI,0.4094808347815546
most_popular,mv_eac vs topic_eac,TCI_article_mass,0.3297560476006689
most_popular,mv_eac vs original,ERR,-0.20665460097682775
most_popular,mv_eac vs original,ERR_cross_article,-0.26210365289654036
most_popular,mv_eac vs original,entity_articles,0.418784920139786
most_popular,mv_eac vs original,entity_mentions,0.1952648049847487
most_popular,mv_eac vs original,entities_per_article,0.26810105717329974
most_popular,mv_eac vs original,TCI,-0.49073032492895186
most_popular,mv_eac vs original,TCI_article_mass,-0.4517742684296961
most_popular,ablation_no_entity vs mv_eac,ERR,-0.034331131525107916
most_popular,ablation_no_entity vs mv_eac,ERR_cross_article,0.04338311840573385
most_popular,ablation_no_entity vs mv_eac,entity_articles,-0.3951877172503699
most_popular,ablation_no_entity vs mv_eac,entity_mentions,-0.3572319891441864
most_popular,ablation_no_entity vs mv_eac,entities_per_article,-0.3625332078545573
most_popular,ablation_no_entity vs mv_eac,TCI,-0.23053744676487695
most_popular,ablation_no_entity vs mv_eac,TCI_article_mass,-0.1636167140746815
most_popular,ablation_no_topic vs mv_eac,ERR,0.03605150898264305
most_popular,ablation_no_topic vs mv_eac,ERR_cross_article,-0.10937217372590192
most_popular,ablation_no_topic vs mv_eac,entity_articles,0.12808213462182003
most_popular,ablation_no_topic vs mv_eac,entity_mentions,0.2729480358015523
most_popular,ablation_no_topic vs mv_eac,entities_per_article,0.2795884351831407
most_popular,ablation_no_topic vs mv_eac,TCI,0.4978018826350664
most_popular,ablation_no_topic vs mv_eac,TCI_article_mass,0.4528694288895813
itemknn,entity_eac vs traditional_entity_eac,ERR,-0.4440593308101727
itemknn,entity_eac vs traditional_entity_eac,ERR_cross_article,-0.523618489971222
itemknn,entity_eac vs traditional_entity_eac,entity_articles,0.2511843530231562
itemknn,entity_eac vs traditional_entity_eac,entity_mentions,-0.19608322457482727
itemknn,entity_eac vs traditional_entity_eac,entities_per_article,-0.018127366062588517
itemknn,entity_eac vs traditional_entity_eac,TCI,-0.11019326896535046
itemknn,entity_eac vs traditional_entity_eac,TCI_article_mass,-0.11023019079384098
itemknn,topic_eac vs traditional_topic_eac,ERR,0.003362248292893819
itemknn,topic_eac vs traditional_topic_eac,ERR_cross_article,-0.069656104628
itemknn,topic_eac vs traditional_topic_eac,entity_articles,-0.07172254900480649
itemknn,topic_eac vs traditional_topic_eac,entity_mentions,-0.03287445893381319
itemknn,topic_eac vs traditional_topic_eac,entities_per_article,-0.033695686187162975
itemknn,topic_eac vs traditional_topic_eac,TCI,-0.3621274274699349
itemknn,topic_eac vs traditional_topic_eac,TCI_article_mass,-0.26144239606471714
itemknn,mv_eac vs traditional_mv_eac,ERR,-0.049796717746931646
itemknn,mv_eac vs traditional_mv_eac,ERR_cross_article,-0.23259182288597335
itemknn,mv_eac vs traditional_mv_eac,entity_articles,0.3035056201056247
itemknn,mv_eac vs traditional_mv_eac,entity_mentions,-0.0493235858976037
itemknn,mv_eac vs traditional_mv_eac,entities_per_article,-0.03303972324360392
itemknn,mv_eac vs traditional_mv_eac,TCI,-0.23049647789536448
itemknn,mv_eac vs traditional_mv_eac,TCI_article_mass,-0.18955901585003385
itemknn,mv_eac vs topic_eac,ERR,0.051424526352871376
itemknn,mv_eac vs topic_eac,ERR_cross_article,-0.08996793403798373
itemknn,mv_eac vs topic_eac,entity_articles,0.36745161634720475
itemknn,mv_eac vs topic_eac,entity_mentions,0.3058986942487055
itemknn,mv_eac vs topic_eac,entities_per_article,0.30638307566223955
itemknn,mv_eac vs topic_eac,TCI,0.39039977558677974
itemknn,mv_eac vs topic_eac,TCI_article_mass,0.3253180265516969
itemknn,mv_eac vs original,ERR,-0.20922227864857626
itemknn,mv_eac vs original,ERR_cross_article,-0.3736444370519455
itemknn,mv_eac vs original,entity_articles,0.368662252037772
itemknn,mv_eac vs original,entity_mentions,0.23043894702591536
itemknn,mv_eac vs original,entities_per_article,0.28601224068162395
itemknn,mv_eac vs original,TCI,-0.471131511987822
itemknn,mv_eac vs original,TCI_article_mass,-0.4436434621823079
itemknn,ablation_no_entity vs mv_eac,ERR,-0.025381119037800923
itemknn,ablation_no_entity vs mv_eac,ERR_cross_article,0.052210123342470244
itemknn,ablation_no_entity vs mv_eac,entity_articles,-0.3921606089900256
itemknn,ablation_no_entity vs mv_eac,entity_mentions,-0.35854748331585407
itemknn,ablation_no_entity vs mv_eac,entities_per_article,-0.36518206809918796
itemknn,ablation_no_entity vs mv_eac,TCI,-0.2288642793516664
itemknn,ablation_no_entity vs mv_eac,TCI_article_mass,-0.1668928765106249
itemknn,ablation_no_topic vs mv_eac,ERR,0.04486447107737664
itemknn,ablation_no_topic vs mv_eac,ERR_cross_article,-0.10492118477717208
itemknn,ablation_no_topic vs mv_eac,entity_articles,0.15806183188445325
itemknn,ablation_no_topic vs mv_eac,entity_mentions,0.28196003441067896
itemknn,ablation_no_topic vs mv_eac,entities_per_article,0.28554285906089816
itemknn,ablation_no_topic vs mv_eac,TCI,0.49557655129918
itemknn,ablation_no_topic vs mv_eac,TCI_article_mass,0.465023227723466
nrms,entity_eac vs traditional_entity_eac,ERR,-0.335839738749747
nrms,entity_eac vs traditional_entity_eac,ERR_cross_article,-0.40928947486715
nrms,entity_eac vs traditional_entity_eac,entity_articles,0.25890397130709975
nrms,entity_eac vs traditional_entity_eac,entity_mentions,-0.04572224433368562
nrms,entity_eac vs traditional_entity_eac,entities_per_article,0.0722208346893187
nrms,entity_eac vs traditional_entity_eac,TCI,-0.13086275535738404
nrms,entity_eac vs traditional_entity_eac,TCI_article_mass,-0.12063907419472068
nrms,topic_eac vs traditional_topic_eac,ERR,-0.0050608309561913515
nrms,topic_eac vs traditional_topic_eac,ERR_cross_article,-0.0060089910048524
nrms,topic_eac vs traditional_topic_eac,entity_articles,0.02020586926329061
nrms,topic_eac vs traditional_topic_eac,entity_mentions,-0.10313171421776865
nrms,topic_eac vs traditional_topic_eac,entities_per_article,-0.10624297093002073
nrms,topic_eac vs traditional_topic_eac,TCI,-0.23963739598345118
nrms,topic_eac vs traditional_topic_eac,TCI_article_mass,-0.14067866548827251
nrms,mv_eac vs traditional_mv_eac,ERR,-0.1348050974435754
nrms,mv_eac vs traditional_mv_eac,ERR_cross_article,-0.250473033714052
nrms,mv_eac vs traditional_mv_eac,entity_articles,0.2731239913610388
nrms,mv_eac vs traditional_mv_eac,entity_mentions,-0.105244075970776
nrms,mv_eac vs traditional_mv_eac,entities_per_article,-0.07292759963791812
nrms,mv_eac vs traditional_mv_eac,TCI,-0.23219645536242378
nrms,mv_eac vs traditional_mv_eac,TCI_article_mass,-0.20751530357379508
nrms,mv_eac vs topic_eac,ERR,-0.04792182060188161
nrms,mv_eac vs topic_eac,ERR_cross_article,-0.14293234780299072
nrms,mv_eac vs topic_eac,entity_articles,0.3140908422123927
nrms,mv_eac vs topic_eac,entity_mentions,0.16124871679313843
nrms,mv_eac vs topic_eac,entities_per_article,0.18125336062530298
nrms,mv_eac vs topic_eac,TCI,0.3966837777515759
nrms,mv_eac vs topic_eac,TCI_article_mass,0.3248724573909252
nrms,mv_eac vs original,ERR,-0.14945208883861094
nrms,mv_eac vs original,ERR_cross_article,-0.2872154440924503
nrms,mv_eac vs original,entity_articles,0.27883693561376505
nrms,mv_eac vs original,entity_mentions,0.1435349169714741
nrms,mv_eac vs original,entities_per_article,0.195991831769974
nrms,mv_eac vs original,TCI,-0.41939202772628703
nrms,mv_eac vs original,TCI_article_mass,-0.41252644372518704
nrms,ablation_no_entity vs mv_eac,ERR,0.11659208446804627
nrms,ablation_no_entity vs mv_eac,ERR_cross_article,0.12304853119237717
nrms,ablation_no_entity vs mv_eac,entity_articles,-0.359113560118023
nrms,ablation_no_entity vs mv_eac,entity_mentions,-0.2718284771330444
nrms,ablation_no_entity vs mv_eac,entities_per_article,-0.31028699926821024
nrms,ablation_no_entity vs mv_eac,TCI,-0.29385027299886085
nrms,ablation_no_entity vs mv_eac,TCI_article_mass,-0.22279788063992362
nrms,ablation_no_topic vs mv_eac,ERR,-0.006334921802936767
nrms,ablation_no_topic vs mv_eac,ERR_cross_article,-0.07916559975965327
nrms,ablation_no_topic vs mv_eac,entity_articles,0.11393399731980262
nrms,ablation_no_topic vs mv_eac,entity_mentions,0.1280686672083502
nrms,ablation_no_topic vs mv_eac,entities_per_article,0.1344765093189767
nrms,ablation_no_topic vs mv_eac,TCI,0.43765786176356264
nrms,ablation_no_topic vs mv_eac,TCI_article_mass,0.41227789573269896
